,Lat,Lng,Total # of Restaurants
0,38.842665000000004,-123.0728,0
1,38.842665000000004,-123.017222,11
2,38.842665000000004,-122.96164399999999,0
3,38.842665000000004,-122.906066,0
4,38.842665000000004,-122.85048799999998,0
5,38.842665000000004,-122.79491000000002,0
6,38.842665000000004,-122.739332,5
7,38.842665000000004,-122.68375400000001,0
8,38.842665000000004,-122.628176,0
9,38.842665000000004,-122.572598,3
10,38.842665000000004,-122.51702,0
11,38.842665000000004,-122.46144199999999,0
12,38.842665000000004,-122.405864,0
13,38.842665000000004,-122.35028600000001,0
14,38.842665000000004,-122.29470800000001,0
15,38.842665000000004,-122.23913,0
16,38.842665000000004,-122.183552,5
17,38.842665000000004,-122.127974,0
18,38.842665000000004,-122.072396,0
19,38.842665000000004,-122.01681799999999,0
20,38.842665000000004,-121.96123999999999,5
21,38.842665000000004,-121.905662,0
22,38.842665000000004,-121.85008400000001,0
23,38.842665000000004,-121.79450600000001,0
24,38.842665000000004,-121.738928,0
25,38.842665000000004,-121.68335,2
26,38.842665000000004,-121.627772,0
27,38.842665000000004,-121.572194,0
28,38.842665000000004,-121.51661599999998,0
29,38.799167,-123.0728,0
30,38.799167,-123.017222,23
31,38.799167,-122.96164399999999,0
32,38.799167,-122.906066,0
33,38.799167,-122.85048799999998,0
34,38.799167,-122.79491000000002,0
35,38.799167,-122.739332,3
36,38.799167,-122.68375400000001,0
37,38.799167,-122.628176,3
38,38.799167,-122.572598,10
39,38.799167,-122.51702,0
40,38.799167,-122.46144199999999,0
41,38.799167,-122.405864,0
42,38.799167,-122.35028600000001,0
43,38.799167,-122.29470800000001,0
44,38.799167,-122.23913,0
45,38.799167,-122.183552,5
46,38.799167,-122.127974,0
47,38.799167,-122.072396,0
48,38.799167,-122.01681799999999,0
49,38.799167,-121.96123999999999,0
50,38.799167,-121.905662,4
51,38.799167,-121.85008400000001,1
52,38.799167,-121.79450600000001,0
53,38.799167,-121.738928,5
54,38.799167,-121.68335,0
55,38.799167,-121.627772,0
56,38.799167,-121.572194,0
57,38.799167,-121.51661599999998,0
58,38.755669,-123.0728,0
59,38.755669,-123.017222,10
60,38.755669,-122.96164399999999,0
61,38.755669,-122.906066,0
62,38.755669,-122.85048799999998,0
63,38.755669,-122.79491000000002,0
64,38.755669,-122.739332,0
65,38.755669,-122.68375400000001,0
66,38.755669,-122.628176,13
67,38.755669,-122.572598,5
68,38.755669,-122.51702,0
69,38.755669,-122.46144199999999,0
70,38.755669,-122.405864,0
71,38.755669,-122.35028600000001,0
72,38.755669,-122.29470800000001,0
73,38.755669,-122.23913,0
74,38.755669,-122.183552,0
75,38.755669,-122.127974,14
76,38.755669,-122.072396,0
77,38.755669,-122.01681799999999,0
78,38.755669,-121.96123999999999,0
79,38.755669,-121.905662,3
80,38.755669,-121.85008400000001,1
81,38.755669,-121.79450600000001,4
82,38.755669,-121.738928,1
83,38.755669,-121.68335,0
84,38.755669,-121.627772,0
85,38.755669,-121.572194,0
86,38.755669,-121.51661599999998,0
87,38.712171000000005,-123.0728,0
88,38.712171000000005,-123.017222,0
89,38.712171000000005,-122.96164399999999,0
90,38.712171000000005,-122.906066,8
91,38.712171000000005,-122.85048799999998,2
92,38.712171000000005,-122.79491000000002,0
93,38.712171000000005,-122.739332,0
94,38.712171000000005,-122.68375400000001,0
95,38.712171000000005,-122.628176,4
96,38.712171000000005,-122.572598,0
97,38.712171000000005,-122.51702,0
98,38.712171000000005,-122.46144199999999,0
99,38.712171000000005,-122.405864,0
100,38.712171000000005,-122.35028600000001,0
101,38.712171000000005,-122.29470800000001,0
102,38.712171000000005,-122.23913,0
103,38.712171000000005,-122.183552,0
104,38.712171000000005,-122.127974,14
105,38.712171000000005,-122.072396,4
106,38.712171000000005,-122.01681799999999,6
107,38.712171000000005,-121.96123999999999,4
108,38.712171000000005,-121.905662,0
109,38.712171000000005,-121.85008400000001,0
110,38.712171000000005,-121.79450600000001,74
111,38.712171000000005,-121.738928,36
112,38.712171000000005,-121.68335,0
113,38.712171000000005,-121.627772,2
114,38.712171000000005,-121.572194,17
115,38.712171000000005,-121.51661599999998,2
116,38.668673,-123.0728,0
117,38.668673,-123.017222,0
118,38.668673,-122.96164399999999,0
119,38.668673,-122.906066,7
120,38.668673,-122.85048799999998,5
121,38.668673,-122.79491000000002,1
122,38.668673,-122.739332,0
123,38.668673,-122.68375400000001,0
124,38.668673,-122.628176,0
125,38.668673,-122.572598,0
126,38.668673,-122.51702,0
127,38.668673,-122.46144199999999,0
128,38.668673,-122.405864,0
129,38.668673,-122.35028600000001,0
130,38.668673,-122.29470800000001,0
131,38.668673,-122.23913,0
132,38.668673,-122.183552,0
133,38.668673,-122.127974,0
134,38.668673,-122.072396,1
135,38.668673,-122.01681799999999,7
136,38.668673,-121.96123999999999,4
137,38.668673,-121.905662,0
138,38.668673,-121.85008400000001,0
139,38.668673,-121.79450600000001,82
140,38.668673,-121.738928,57
141,38.668673,-121.68335,0
142,38.668673,-121.627772,3
143,38.668673,-121.572194,17
144,38.668673,-121.51661599999998,114
145,38.625175,-123.0728,0
146,38.625175,-123.017222,0
147,38.625175,-122.96164399999999,0
148,38.625175,-122.906066,4
149,38.625175,-122.85048799999998,59
150,38.625175,-122.79491000000002,0
151,38.625175,-122.739332,0
152,38.625175,-122.68375400000001,0
153,38.625175,-122.628176,1
154,38.625175,-122.572598,1
155,38.625175,-122.51702,0
156,38.625175,-122.46144199999999,0
157,38.625175,-122.405864,3
158,38.625175,-122.35028600000001,0
159,38.625175,-122.29470800000001,0
160,38.625175,-122.23913,0
161,38.625175,-122.183552,0
162,38.625175,-122.127974,0
163,38.625175,-122.072396,0
164,38.625175,-122.01681799999999,1
165,38.625175,-121.96123999999999,0
166,38.625175,-121.905662,0
167,38.625175,-121.85008400000001,0
168,38.625175,-121.79450600000001,4
169,38.625175,-121.738928,10
170,38.625175,-121.68335,0
171,38.625175,-121.627772,0
172,38.625175,-121.572194,20
173,38.625175,-121.51661599999998,204
174,38.581677,-123.0728,0
175,38.581677,-123.017222,0
176,38.581677,-122.96164399999999,0
177,38.581677,-122.906066,1
178,38.581677,-122.85048799999998,56
179,38.581677,-122.79491000000002,40
180,38.581677,-122.739332,0
181,38.581677,-122.68375400000001,0
182,38.581677,-122.628176,2
183,38.581677,-122.572598,30
184,38.581677,-122.51702,1
185,38.581677,-122.46144199999999,4
186,38.581677,-122.405864,3
187,38.581677,-122.35028600000001,0
188,38.581677,-122.29470800000001,0
189,38.581677,-122.23913,0
190,38.581677,-122.183552,0
191,38.581677,-122.127974,0
192,38.581677,-122.072396,0
193,38.581677,-122.01681799999999,0
194,38.581677,-121.96123999999999,0
195,38.581677,-121.905662,0
196,38.581677,-121.85008400000001,0
197,38.581677,-121.79450600000001,17
198,38.581677,-121.738928,131
199,38.581677,-121.68335,28
200,38.581677,-121.627772,0
201,38.581677,-121.572194,57
202,38.581677,-121.51661599999998,441
203,38.538179,-123.0728,2
204,38.538179,-123.017222,20
205,38.538179,-122.96164399999999,7
206,38.538179,-122.906066,1
207,38.538179,-122.85048799999998,3
208,38.538179,-122.79491000000002,62
209,38.538179,-122.739332,9
210,38.538179,-122.68375400000001,1
211,38.538179,-122.628176,1
212,38.538179,-122.572598,5
213,38.538179,-122.51702,3
214,38.538179,-122.46144199999999,36
215,38.538179,-122.405864,0
216,38.538179,-122.35028600000001,2
217,38.538179,-122.29470800000001,0
218,38.538179,-122.23913,2
219,38.538179,-122.183552,0
220,38.538179,-122.127974,0
221,38.538179,-122.072396,0
222,38.538179,-122.01681799999999,2
223,38.538179,-121.96123999999999,25
224,38.538179,-121.905662,0
225,38.538179,-121.85008400000001,0
226,38.538179,-121.79450600000001,16
227,38.538179,-121.738928,163
228,38.538179,-121.68335,28
229,38.538179,-121.627772,0
230,38.538179,-121.572194,22
231,38.538179,-121.51661599999998,245
232,38.494681,-123.0728,2
233,38.494681,-123.017222,29
234,38.494681,-122.96164399999999,7
235,38.494681,-122.906066,11
236,38.494681,-122.85048799999998,0
237,38.494681,-122.79491000000002,28
238,38.494681,-122.739332,97
239,38.494681,-122.68375400000001,22
240,38.494681,-122.628176,8
241,38.494681,-122.572598,1
242,38.494681,-122.51702,3
243,38.494681,-122.46144199999999,40
244,38.494681,-122.405864,11
245,38.494681,-122.35028600000001,2
246,38.494681,-122.29470800000001,0
247,38.494681,-122.23913,2
248,38.494681,-122.183552,0
249,38.494681,-122.127974,0
250,38.494681,-122.072396,0
251,38.494681,-122.01681799999999,2
252,38.494681,-121.96123999999999,25
253,38.494681,-121.905662,0
254,38.494681,-121.85008400000001,25
255,38.494681,-121.79450600000001,9
256,38.494681,-121.738928,1
257,38.494681,-121.68335,0
258,38.494681,-121.627772,0
259,38.494681,-121.572194,2
260,38.494681,-121.51661599999998,92
261,38.451183,-123.0728,5
262,38.451183,-123.017222,7
263,38.451183,-122.96164399999999,1
264,38.451183,-122.906066,11
265,38.451183,-122.85048799999998,9
266,38.451183,-122.79491000000002,18
267,38.451183,-122.739332,266
268,38.451183,-122.68375400000001,139
269,38.451183,-122.628176,10
270,38.451183,-122.572598,13
271,38.451183,-122.51702,1
272,38.451183,-122.46144199999999,3
273,38.451183,-122.405864,14
274,38.451183,-122.35028600000001,0
275,38.451183,-122.29470800000001,0
276,38.451183,-122.23913,0
277,38.451183,-122.183552,0
278,38.451183,-122.127974,0
279,38.451183,-122.072396,0
280,38.451183,-122.01681799999999,0
281,38.451183,-121.96123999999999,0
282,38.451183,-121.905662,0
283,38.451183,-121.85008400000001,54
284,38.451183,-121.79450600000001,32
285,38.451183,-121.738928,0
286,38.451183,-121.68335,0
287,38.451183,-121.627772,0
288,38.451183,-121.572194,2
289,38.451183,-121.51661599999998,59
290,38.407685,-123.0728,1
291,38.407685,-123.017222,1
292,38.407685,-122.96164399999999,7
293,38.407685,-122.906066,1
294,38.407685,-122.85048799999998,57
295,38.407685,-122.79491000000002,51
296,38.407685,-122.739332,194
297,38.407685,-122.68375400000001,112
298,38.407685,-122.628176,2
299,38.407685,-122.572598,13
300,38.407685,-122.51702,2
301,38.407685,-122.46144199999999,1
302,38.407685,-122.405864,11
303,38.407685,-122.35028600000001,30
304,38.407685,-122.29470800000001,0
305,38.407685,-122.23913,1
306,38.407685,-122.183552,0
307,38.407685,-122.127974,0
308,38.407685,-122.072396,0
309,38.407685,-122.01681799999999,3
310,38.407685,-121.96123999999999,31
311,38.407685,-121.905662,8
312,38.407685,-121.85008400000001,21
313,38.407685,-121.79450600000001,20
314,38.407685,-121.738928,0
315,38.407685,-121.68335,0
316,38.407685,-121.627772,0
317,38.407685,-121.572194,2
318,38.407685,-121.51661599999998,20
319,38.364187,-123.0728,15
320,38.364187,-123.017222,5
321,38.364187,-122.96164399999999,4
322,38.364187,-122.906066,1
323,38.364187,-122.85048799999998,29
324,38.364187,-122.79491000000002,41
325,38.364187,-122.739332,96
326,38.364187,-122.68375400000001,121
327,38.364187,-122.628176,0
328,38.364187,-122.572598,0
329,38.364187,-122.51702,15
330,38.364187,-122.46144199999999,0
331,38.364187,-122.405864,0
332,38.364187,-122.35028600000001,29
333,38.364187,-122.29470800000001,12
334,38.364187,-122.23913,6
335,38.364187,-122.183552,0
336,38.364187,-122.127974,0
337,38.364187,-122.072396,0
338,38.364187,-122.01681799999999,43
339,38.364187,-121.96123999999999,170
340,38.364187,-121.905662,20
341,38.364187,-121.85008400000001,0
342,38.364187,-121.79450600000001,0
343,38.364187,-121.738928,0
344,38.364187,-121.68335,0
345,38.364187,-121.627772,0
346,38.364187,-121.572194,11
347,38.364187,-121.51661599999998,15
348,38.320689,-123.0728,15
349,38.320689,-123.017222,8
350,38.320689,-122.96164399999999,4
351,38.320689,-122.906066,5
352,38.320689,-122.85048799999998,1
353,38.320689,-122.79491000000002,0
354,38.320689,-122.739332,64
355,38.320689,-122.68375400000001,115
356,38.320689,-122.628176,0
357,38.320689,-122.572598,0
358,38.320689,-122.51702,19
359,38.320689,-122.46144199999999,96
360,38.320689,-122.405864,1
361,38.320689,-122.35028600000001,6
362,38.320689,-122.29470800000001,219
363,38.320689,-122.23913,6
364,38.320689,-122.183552,0
365,38.320689,-122.127974,1
366,38.320689,-122.072396,1
367,38.320689,-122.01681799999999,58
368,38.320689,-121.96123999999999,89
369,38.320689,-121.905662,12
370,38.320689,-121.85008400000001,0
371,38.320689,-121.79450600000001,0
372,38.320689,-121.738928,0
373,38.320689,-121.68335,0
374,38.320689,-121.627772,0
375,38.320689,-121.572194,12
376,38.320689,-121.51661599999998,0
377,38.277190999999995,-123.0728,0
378,38.277190999999995,-123.017222,1
379,38.277190999999995,-122.96164399999999,5
380,38.277190999999995,-122.906066,7
381,38.277190999999995,-122.85048799999998,1
382,38.277190999999995,-122.79491000000002,2
383,38.277190999999995,-122.739332,1
384,38.277190999999995,-122.68375400000001,41
385,38.277190999999995,-122.628176,62
386,38.277190999999995,-122.572598,2
387,38.277190999999995,-122.51702,17
388,38.277190999999995,-122.46144199999999,102
389,38.277190999999995,-122.405864,2
390,38.277190999999995,-122.35028600000001,4
391,38.277190999999995,-122.29470800000001,193
392,38.277190999999995,-122.23913,3
393,38.277190999999995,-122.183552,0
394,38.277190999999995,-122.127974,3
395,38.277190999999995,-122.072396,110
396,38.277190999999995,-122.01681799999999,141
397,38.277190999999995,-121.96123999999999,37
398,38.277190999999995,-121.905662,3
399,38.277190999999995,-121.85008400000001,0
400,38.277190999999995,-121.79450600000001,0
401,38.277190999999995,-121.738928,0
402,38.277190999999995,-121.68335,0
403,38.277190999999995,-121.627772,0
404,38.277190999999995,-121.572194,11
405,38.277190999999995,-121.51661599999998,18
406,38.233693,-123.0728,0
407,38.233693,-123.017222,0
408,38.233693,-122.96164399999999,5
409,38.233693,-122.906066,8
410,38.233693,-122.85048799999998,0
411,38.233693,-122.79491000000002,2
412,38.233693,-122.739332,0
413,38.233693,-122.68375400000001,8
414,38.233693,-122.628176,164
415,38.233693,-122.572598,13
416,38.233693,-122.51702,0
417,38.233693,-122.46144199999999,17
418,38.233693,-122.405864,1
419,38.233693,-122.35028600000001,3
420,38.233693,-122.29470800000001,15
421,38.233693,-122.23913,9
422,38.233693,-122.183552,1
423,38.233693,-122.127974,35
424,38.233693,-122.072396,109
425,38.233693,-122.01681799999999,118
426,38.233693,-121.96123999999999,33
427,38.233693,-121.905662,2
428,38.233693,-121.85008400000001,0
429,38.233693,-121.79450600000001,0
430,38.233693,-121.738928,0
431,38.233693,-121.68335,0
432,38.233693,-121.627772,0
433,38.233693,-121.572194,11
434,38.233693,-121.51661599999998,20
435,38.190195,-123.0728,0
436,38.190195,-123.017222,0
437,38.190195,-122.96164399999999,0
438,38.190195,-122.906066,7
439,38.190195,-122.85048799999998,0
440,38.190195,-122.79491000000002,0
441,38.190195,-122.739332,0
442,38.190195,-122.68375400000001,0
443,38.190195,-122.628176,1
444,38.190195,-122.572598,1
445,38.190195,-122.51702,0
446,38.190195,-122.46144199999999,2
447,38.190195,-122.405864,0
448,38.190195,-122.35028600000001,0
449,38.190195,-122.29470800000001,4
450,38.190195,-122.23913,53
451,38.190195,-122.183552,4
452,38.190195,-122.127974,33
453,38.190195,-122.072396,1
454,38.190195,-122.01681799999999,0
455,38.190195,-121.96123999999999,0
456,38.190195,-121.905662,0
457,38.190195,-121.85008400000001,0
458,38.190195,-121.79450600000001,0
459,38.190195,-121.738928,1
460,38.190195,-121.68335,27
461,38.190195,-121.627772,16
462,38.190195,-121.572194,0
463,38.190195,-121.51661599999998,2
464,38.146696999999996,-123.0728,0
465,38.146696999999996,-123.017222,0
466,38.146696999999996,-122.96164399999999,0
467,38.146696999999996,-122.906066,7
468,38.146696999999996,-122.85048799999998,0
469,38.146696999999996,-122.79491000000002,0
470,38.146696999999996,-122.739332,1
471,38.146696999999996,-122.68375400000001,1
472,38.146696999999996,-122.628176,7
473,38.146696999999996,-122.572598,22
474,38.146696999999996,-122.51702,1
475,38.146696999999996,-122.46144199999999,1
476,38.146696999999996,-122.405864,0
477,38.146696999999996,-122.35028600000001,0
478,38.146696999999996,-122.29470800000001,5
479,38.146696999999996,-122.23913,191
480,38.146696999999996,-122.183552,3
481,38.146696999999996,-122.127974,2
482,38.146696999999996,-122.072396,0
483,38.146696999999996,-122.01681799999999,0
484,38.146696999999996,-121.96123999999999,0
485,38.146696999999996,-121.905662,0
486,38.146696999999996,-121.85008400000001,13
487,38.146696999999996,-121.79450600000001,0
488,38.146696999999996,-121.738928,1
489,38.146696999999996,-121.68335,28
490,38.146696999999996,-121.627772,17
491,38.146696999999996,-121.572194,1
492,38.146696999999996,-121.51661599999998,1
493,38.103199,-123.0728,0
494,38.103199,-123.017222,0
495,38.103199,-122.96164399999999,1
496,38.103199,-122.906066,1
497,38.103199,-122.85048799999998,9
498,38.103199,-122.79491000000002,12
499,38.103199,-122.739332,6
500,38.103199,-122.68375400000001,1
501,38.103199,-122.628176,7
502,38.103199,-122.572598,81
503,38.103199,-122.51702,28
504,38.103199,-122.46144199999999,0
505,38.103199,-122.405864,0
506,38.103199,-122.35028600000001,0
507,38.103199,-122.29470800000001,4
508,38.103199,-122.23913,233
509,38.103199,-122.183552,46
510,38.103199,-122.127974,22
511,38.103199,-122.072396,0
512,38.103199,-122.01681799999999,0
513,38.103199,-121.96123999999999,0
514,38.103199,-121.905662,0
515,38.103199,-121.85008400000001,13
516,38.103199,-121.79450600000001,0
517,38.103199,-121.738928,0
518,38.103199,-121.68335,0
519,38.103199,-121.627772,1
520,38.103199,-121.572194,4
521,38.103199,-121.51661599999998,1
522,38.059701000000004,-123.0728,0
523,38.059701000000004,-123.017222,0
524,38.059701000000004,-122.96164399999999,0
525,38.059701000000004,-122.906066,0
526,38.059701000000004,-122.85048799999998,4
527,38.059701000000004,-122.79491000000002,15
528,38.059701000000004,-122.739332,5
529,38.059701000000004,-122.68375400000001,9
530,38.059701000000004,-122.628176,0
531,38.059701000000004,-122.572598,34
532,38.059701000000004,-122.51702,35
533,38.059701000000004,-122.46144199999999,0
534,38.059701000000004,-122.405864,0
535,38.059701000000004,-122.35028600000001,0
536,38.059701000000004,-122.29470800000001,22
537,38.059701000000004,-122.23913,52
538,38.059701000000004,-122.183552,74
539,38.059701000000004,-122.127974,43
540,38.059701000000004,-122.072396,0
541,38.059701000000004,-122.01681799999999,1
542,38.059701000000004,-121.96123999999999,28
543,38.059701000000004,-121.905662,33
544,38.059701000000004,-121.85008400000001,0
545,38.059701000000004,-121.79450600000001,0
546,38.059701000000004,-121.738928,0
547,38.059701000000004,-121.68335,0
548,38.059701000000004,-121.627772,4
549,38.059701000000004,-121.572194,1
550,38.059701000000004,-121.51661599999998,0
551,38.016203000000004,-123.0728,0
552,38.016203000000004,-123.017222,0
553,38.016203000000004,-122.96164399999999,0
554,38.016203000000004,-122.906066,0
555,38.016203000000004,-122.85048799999998,0
556,38.016203000000004,-122.79491000000002,6
557,38.016203000000004,-122.739332,0
558,38.016203000000004,-122.68375400000001,15
559,38.016203000000004,-122.628176,10
560,38.016203000000004,-122.572598,75
561,38.016203000000004,-122.51702,51
562,38.016203000000004,-122.46144199999999,1
563,38.016203000000004,-122.405864,0
564,38.016203000000004,-122.35028600000001,15
565,38.016203000000004,-122.29470800000001,122
566,38.016203000000004,-122.23913,38
567,38.016203000000004,-122.183552,48
568,38.016203000000004,-122.127974,112
569,38.016203000000004,-122.072396,66
570,38.016203000000004,-122.01681799999999,55
571,38.016203000000004,-121.96123999999999,34
572,38.016203000000004,-121.905662,85
573,38.016203000000004,-121.85008400000001,85
574,38.016203000000004,-121.79450600000001,95
575,38.016203000000004,-121.738928,39
576,38.016203000000004,-121.68335,20
577,38.016203000000004,-121.627772,16
578,38.016203000000004,-121.572194,0
579,38.016203000000004,-121.51661599999998,0
580,37.972705,-123.0728,0
581,37.972705,-123.017222,0
582,37.972705,-122.96164399999999,0
583,37.972705,-122.906066,0
584,37.972705,-122.85048799999998,0
585,37.972705,-122.79491000000002,0
586,37.972705,-122.739332,0
587,37.972705,-122.68375400000001,5
588,37.972705,-122.628176,0
589,37.972705,-122.572598,106
590,37.972705,-122.51702,240
591,37.972705,-122.46144199999999,13
592,37.972705,-122.405864,2
593,37.972705,-122.35028600000001,204
594,37.972705,-122.29470800000001,146
595,37.972705,-122.23913,17
596,37.972705,-122.183552,0
597,37.972705,-122.127974,47
598,37.972705,-122.072396,261
599,37.972705,-122.01681799999999,219
600,37.972705,-121.96123999999999,78
601,37.972705,-121.905662,51
602,37.972705,-121.85008400000001,78
603,37.972705,-121.79450600000001,104
604,37.972705,-121.738928,116
605,37.972705,-121.68335,52
606,37.972705,-121.627772,2
607,37.972705,-121.572194,0
608,37.972705,-121.51661599999998,0
609,37.929207,-123.0728,0
610,37.929207,-123.017222,0
611,37.929207,-122.96164399999999,0
612,37.929207,-122.906066,0
613,37.929207,-122.85048799999998,0
614,37.929207,-122.79491000000002,0
615,37.929207,-122.739332,0
616,37.929207,-122.68375400000001,11
617,37.929207,-122.628176,12
618,37.929207,-122.572598,42
619,37.929207,-122.51702,168
620,37.929207,-122.46144199999999,12
621,37.929207,-122.405864,35
622,37.929207,-122.35028600000001,225
623,37.929207,-122.29470800000001,229
624,37.929207,-122.23913,1
625,37.929207,-122.183552,0
626,37.929207,-122.127974,63
627,37.929207,-122.072396,313
628,37.929207,-122.01681799999999,112
629,37.929207,-121.96123999999999,77
630,37.929207,-121.905662,20
631,37.929207,-121.85008400000001,0
632,37.929207,-121.79450600000001,15
633,37.929207,-121.738928,93
634,37.929207,-121.68335,74
635,37.929207,-121.627772,21
636,37.929207,-121.572194,5
637,37.929207,-121.51661599999998,1
638,37.885709000000006,-123.0728,0
639,37.885709000000006,-123.017222,0
640,37.885709000000006,-122.96164399999999,0
641,37.885709000000006,-122.906066,0
642,37.885709000000006,-122.85048799999998,0
643,37.885709000000006,-122.79491000000002,0
644,37.885709000000006,-122.739332,0
645,37.885709000000006,-122.68375400000001,11
646,37.885709000000006,-122.628176,12
647,37.885709000000006,-122.572598,30
648,37.885709000000006,-122.51702,94
649,37.885709000000006,-122.46144199999999,66
650,37.885709000000006,-122.405864,20
651,37.885709000000006,-122.35028600000001,15
652,37.885709000000006,-122.29470800000001,544
653,37.885709000000006,-122.23913,352
654,37.885709000000006,-122.183552,58
655,37.885709000000006,-122.127974,84
656,37.885709000000006,-122.072396,171
657,37.885709000000006,-122.01681799999999,46
658,37.885709000000006,-121.96123999999999,0
659,37.885709000000006,-121.905662,1
660,37.885709000000006,-121.85008400000001,0
661,37.885709000000006,-121.79450600000001,0
662,37.885709000000006,-121.738928,5
663,37.885709000000006,-121.68335,5
664,37.885709000000006,-121.627772,24
665,37.885709000000006,-121.572194,5
666,37.885709000000006,-121.51661599999998,1
667,37.842211,-123.0728,0
668,37.842211,-123.017222,0
669,37.842211,-122.96164399999999,0
670,37.842211,-122.906066,0
671,37.842211,-122.85048799999998,0
672,37.842211,-122.79491000000002,0
673,37.842211,-122.739332,0
674,37.842211,-122.68375400000001,0
675,37.842211,-122.628176,0
676,37.842211,-122.572598,8
677,37.842211,-122.51702,30
678,37.842211,-122.46144199999999,81
679,37.842211,-122.405864,140
680,37.842211,-122.35028600000001,7
681,37.842211,-122.29470800000001,782
682,37.842211,-122.23913,834
683,37.842211,-122.183552,84
684,37.842211,-122.127974,54
685,37.842211,-122.072396,2
686,37.842211,-122.01681799999999,120
687,37.842211,-121.96123999999999,20
688,37.842211,-121.905662,1
689,37.842211,-121.85008400000001,0
690,37.842211,-121.79450600000001,0
691,37.842211,-121.738928,0
692,37.842211,-121.68335,0
693,37.842211,-121.627772,11
694,37.842211,-121.572194,0
695,37.842211,-121.51661599999998,0
696,37.798713,-123.0728,0
697,37.798713,-123.017222,0
698,37.798713,-122.96164399999999,0
699,37.798713,-122.906066,0
700,37.798713,-122.85048799999998,0
701,37.798713,-122.79491000000002,0
702,37.798713,-122.739332,0
703,37.798713,-122.68375400000001,0
704,37.798713,-122.628176,0
705,37.798713,-122.572598,0
706,37.798713,-122.51702,76
707,37.798713,-122.46144199999999,832
708,37.798713,-122.405864,2700
709,37.798713,-122.35028600000001,7
710,37.798713,-122.29470800000001,628
711,37.798713,-122.23913,866
712,37.798713,-122.183552,177
713,37.798713,-122.127974,39
714,37.798713,-122.072396,0
715,37.798713,-122.01681799999999,84
716,37.798713,-121.96123999999999,131
717,37.798713,-121.905662,29
718,37.798713,-121.85008400000001,0
719,37.798713,-121.79450600000001,0
720,37.798713,-121.738928,0
721,37.798713,-121.68335,0
722,37.798713,-121.627772,0
723,37.798713,-121.572194,11
724,37.798713,-121.51661599999998,11
725,37.755215,-123.0728,0
726,37.755215,-123.017222,0
727,37.755215,-122.96164399999999,0
728,37.755215,-122.906066,0
729,37.755215,-122.85048799999998,0
730,37.755215,-122.79491000000002,0
731,37.755215,-122.739332,0
732,37.755215,-122.68375400000001,0
733,37.755215,-122.628176,0
734,37.755215,-122.572598,0
735,37.755215,-122.51702,132
736,37.755215,-122.46144199999999,1000
737,37.755215,-122.405864,2600
738,37.755215,-122.35028600000001,5
739,37.755215,-122.29470800000001,89
740,37.755215,-122.23913,415
741,37.755215,-122.183552,299
742,37.755215,-122.127974,119
743,37.755215,-122.072396,4
744,37.755215,-122.01681799999999,0
745,37.755215,-121.96123999999999,144
746,37.755215,-121.905662,9
747,37.755215,-121.85008400000001,0
748,37.755215,-121.79450600000001,2
749,37.755215,-121.738928,12
750,37.755215,-121.68335,0
751,37.755215,-121.627772,0
752,37.755215,-121.572194,12
753,37.755215,-121.51661599999998,14
754,37.711717,-123.0728,0
755,37.711717,-123.017222,0
756,37.711717,-122.96164399999999,0
757,37.711717,-122.906066,0
758,37.711717,-122.85048799999998,0
759,37.711717,-122.79491000000002,0
760,37.711717,-122.739332,0
761,37.711717,-122.68375400000001,0
762,37.711717,-122.628176,0
763,37.711717,-122.572598,0
764,37.711717,-122.51702,46
765,37.711717,-122.46144199999999,499
766,37.711717,-122.405864,362
767,37.711717,-122.35028600000001,5
768,37.711717,-122.29470800000001,0
769,37.711717,-122.23913,21
770,37.711717,-122.183552,230
771,37.711717,-122.127974,289
772,37.711717,-122.072396,168
773,37.711717,-122.01681799999999,0
774,37.711717,-121.96123999999999,65
775,37.711717,-121.905662,239
776,37.711717,-121.85008400000001,123
777,37.711717,-121.79450600000001,133
778,37.711717,-121.738928,106
779,37.711717,-121.68335,0
780,37.711717,-121.627772,0
781,37.711717,-121.572194,0
782,37.711717,-121.51661599999998,4
783,37.668219,-123.0728,0
784,37.668219,-123.017222,0
785,37.668219,-122.96164399999999,0
786,37.668219,-122.906066,0
787,37.668219,-122.85048799999998,0
788,37.668219,-122.79491000000002,0
789,37.668219,-122.739332,0
790,37.668219,-122.68375400000001,0
791,37.668219,-122.628176,0
792,37.668219,-122.572598,0
793,37.668219,-122.51702,38
794,37.668219,-122.46144199999999,312
795,37.668219,-122.405864,265
796,37.668219,-122.35028600000001,0
797,37.668219,-122.29470800000001,0
798,37.668219,-122.23913,0
799,37.668219,-122.183552,48
800,37.668219,-122.127974,288
801,37.668219,-122.072396,326
802,37.668219,-122.01681799999999,0
803,37.668219,-121.96123999999999,46
804,37.668219,-121.905662,267
805,37.668219,-121.85008400000001,187
806,37.668219,-121.79450600000001,140
807,37.668219,-121.738928,87
808,37.668219,-121.68335,2
809,37.668219,-121.627772,0
810,37.668219,-121.572194,0
811,37.668219,-121.51661599999998,0
812,37.624721,-123.0728,0
813,37.624721,-123.017222,0
814,37.624721,-122.96164399999999,0
815,37.624721,-122.906066,0
816,37.624721,-122.85048799999998,0
817,37.624721,-122.79491000000002,0
818,37.624721,-122.739332,0
819,37.624721,-122.68375400000001,0
820,37.624721,-122.628176,0
821,37.624721,-122.572598,0
822,37.624721,-122.51702,76
823,37.624721,-122.46144199999999,117
824,37.624721,-122.405864,461
825,37.624721,-122.35028600000001,65
826,37.624721,-122.29470800000001,2
827,37.624721,-122.23913,0
828,37.624721,-122.183552,16
829,37.624721,-122.127974,72
830,37.624721,-122.072396,267
831,37.624721,-122.01681799999999,64
832,37.624721,-121.96123999999999,0
833,37.624721,-121.905662,61
834,37.624721,-121.85008400000001,50
835,37.624721,-121.79450600000001,8
836,37.624721,-121.738928,3
837,37.624721,-121.68335,1
838,37.624721,-121.627772,0
839,37.624721,-121.572194,0
840,37.624721,-121.51661599999998,0
841,37.581223,-123.0728,0
842,37.581223,-123.017222,0
843,37.581223,-122.96164399999999,0
844,37.581223,-122.906066,0
845,37.581223,-122.85048799999998,0
846,37.581223,-122.79491000000002,0
847,37.581223,-122.739332,0
848,37.581223,-122.68375400000001,0
849,37.581223,-122.628176,0
850,37.581223,-122.572598,0
851,37.581223,-122.51702,32
852,37.581223,-122.46144199999999,8
853,37.581223,-122.405864,200
854,37.581223,-122.35028600000001,306
855,37.581223,-122.29470800000001,322
856,37.581223,-122.23913,58
857,37.581223,-122.183552,0
858,37.581223,-122.127974,0
859,37.581223,-122.072396,207
860,37.581223,-122.01681799999999,213
861,37.581223,-121.96123999999999,124
862,37.581223,-121.905662,29
863,37.581223,-121.85008400000001,26
864,37.581223,-121.79450600000001,0
865,37.581223,-121.738928,1
866,37.581223,-121.68335,0
867,37.581223,-121.627772,0
868,37.581223,-121.572194,0
869,37.581223,-121.51661599999998,0
870,37.537725,-123.0728,0
871,37.537725,-123.017222,0
872,37.537725,-122.96164399999999,0
873,37.537725,-122.906066,0
874,37.537725,-122.85048799999998,0
875,37.537725,-122.79491000000002,0
876,37.537725,-122.739332,0
877,37.537725,-122.68375400000001,0
878,37.537725,-122.628176,0
879,37.537725,-122.572598,0
880,37.537725,-122.51702,19
881,37.537725,-122.46144199999999,32
882,37.537725,-122.405864,30
883,37.537725,-122.35028600000001,190
884,37.537725,-122.29470800000001,427
885,37.537725,-122.23913,177
886,37.537725,-122.183552,6
887,37.537725,-122.127974,1
888,37.537725,-122.072396,67
889,37.537725,-122.01681799999999,308
890,37.537725,-121.96123999999999,266
891,37.537725,-121.905662,12
892,37.537725,-121.85008400000001,0
893,37.537725,-121.79450600000001,0
894,37.537725,-121.738928,0
895,37.537725,-121.68335,0
896,37.537725,-121.627772,0
897,37.537725,-121.572194,0
898,37.537725,-121.51661599999998,0
899,37.494227,-123.0728,0
900,37.494227,-123.017222,0
901,37.494227,-122.96164399999999,0
902,37.494227,-122.906066,0
903,37.494227,-122.85048799999998,0
904,37.494227,-122.79491000000002,0
905,37.494227,-122.739332,0
906,37.494227,-122.68375400000001,0
907,37.494227,-122.628176,0
908,37.494227,-122.572598,0
909,37.494227,-122.51702,16
910,37.494227,-122.46144199999999,58
911,37.494227,-122.405864,44
912,37.494227,-122.35028600000001,10
913,37.494227,-122.29470800000001,123
914,37.494227,-122.23913,360
915,37.494227,-122.183552,135
916,37.494227,-122.127974,101
917,37.494227,-122.072396,0
918,37.494227,-122.01681799999999,153
919,37.494227,-121.96123999999999,136
920,37.494227,-121.905662,84
921,37.494227,-121.85008400000001,0
922,37.494227,-121.79450600000001,0
923,37.494227,-121.738928,0
924,37.494227,-121.68335,0
925,37.494227,-121.627772,0
926,37.494227,-121.572194,0
927,37.494227,-121.51661599999998,0
928,37.450728999999995,-123.0728,0
929,37.450728999999995,-123.017222,0
930,37.450728999999995,-122.96164399999999,0
931,37.450728999999995,-122.906066,0
932,37.450728999999995,-122.85048799999998,0
933,37.450728999999995,-122.79491000000002,0
934,37.450728999999995,-122.739332,0
935,37.450728999999995,-122.68375400000001,0
936,37.450728999999995,-122.628176,0
937,37.450728999999995,-122.572598,0
938,37.450728999999995,-122.51702,0
939,37.450728999999995,-122.46144199999999,36
940,37.450728999999995,-122.405864,53
941,37.450728999999995,-122.35028600000001,2
942,37.450728999999995,-122.29470800000001,35
943,37.450728999999995,-122.23913,216
944,37.450728999999995,-122.183552,364
945,37.450728999999995,-122.127974,217
946,37.450728999999995,-122.072396,40
947,37.450728999999995,-122.01681799999999,3
948,37.450728999999995,-121.96123999999999,92
949,37.450728999999995,-121.905662,342
950,37.450728999999995,-121.85008400000001,32
951,37.450728999999995,-121.79450600000001,0
952,37.450728999999995,-121.738928,0
953,37.450728999999995,-121.68335,0
954,37.450728999999995,-121.627772,0
955,37.450728999999995,-121.572194,0
956,37.450728999999995,-121.51661599999998,0
957,37.407231,-123.0728,0
958,37.407231,-123.017222,0
959,37.407231,-122.96164399999999,0
960,37.407231,-122.906066,0
961,37.407231,-122.85048799999998,0
962,37.407231,-122.79491000000002,0
963,37.407231,-122.739332,0
964,37.407231,-122.68375400000001,0
965,37.407231,-122.628176,0
966,37.407231,-122.572598,0
967,37.407231,-122.51702,0
968,37.407231,-122.46144199999999,4
969,37.407231,-122.405864,8
970,37.407231,-122.35028600000001,2
971,37.407231,-122.29470800000001,3
972,37.407231,-122.23913,38
973,37.407231,-122.183552,230
974,37.407231,-122.127974,274
975,37.407231,-122.072396,324
976,37.407231,-122.01681799999999,275
977,37.407231,-121.96123999999999,228
978,37.407231,-121.905662,431
979,37.407231,-121.85008400000001,113
980,37.407231,-121.79450600000001,1
981,37.407231,-121.738928,2
982,37.407231,-121.68335,0
983,37.407231,-121.627772,0
984,37.407231,-121.572194,0
985,37.407231,-121.51661599999998,1
986,37.363733,-123.0728,0
987,37.363733,-123.017222,0
988,37.363733,-122.96164399999999,0
989,37.363733,-122.906066,0
990,37.363733,-122.85048799999998,0
991,37.363733,-122.79491000000002,0
992,37.363733,-122.739332,0
993,37.363733,-122.68375400000001,0
994,37.363733,-122.628176,0
995,37.363733,-122.572598,0
996,37.363733,-122.51702,0
997,37.363733,-122.46144199999999,0
998,37.363733,-122.405864,8
999,37.363733,-122.35028600000001,0
1000,37.363733,-122.29470800000001,2
1001,37.363733,-122.23913,25
1002,37.363733,-122.183552,29
1003,37.363733,-122.127974,143
1004,37.363733,-122.072396,299
1005,37.363733,-122.01681799999999,447
1006,37.363733,-121.96123999999999,404
1007,37.363733,-121.905662,636
1008,37.363733,-121.85008400000001,376
1009,37.363733,-121.79450600000001,64
1010,37.363733,-121.738928,3
1011,37.363733,-121.68335,0
1012,37.363733,-121.627772,5
1013,37.363733,-121.572194,0
1014,37.363733,-121.51661599999998,1
1015,37.320235,-123.0728,0
1016,37.320235,-123.017222,0
1017,37.320235,-122.96164399999999,0
1018,37.320235,-122.906066,0
1019,37.320235,-122.85048799999998,0
1020,37.320235,-122.79491000000002,0
1021,37.320235,-122.739332,0
1022,37.320235,-122.68375400000001,0
1023,37.320235,-122.628176,0
1024,37.320235,-122.572598,0
1025,37.320235,-122.51702,0
1026,37.320235,-122.46144199999999,0
1027,37.320235,-122.405864,8
1028,37.320235,-122.35028600000001,0
1029,37.320235,-122.29470800000001,8
1030,37.320235,-122.23913,0
1031,37.320235,-122.183552,0
1032,37.320235,-122.127974,0
1033,37.320235,-122.072396,111
1034,37.320235,-122.01681799999999,422
1035,37.320235,-121.96123999999999,577
1036,37.320235,-121.905662,680
1037,37.320235,-121.85008400000001,455
1038,37.320235,-121.79450600000001,199
1039,37.320235,-121.738928,1
1040,37.320235,-121.68335,0
1041,37.320235,-121.627772,5
1042,37.320235,-121.572194,0
1043,37.320235,-121.51661599999998,0
1044,37.276737,-123.0728,0
1045,37.276737,-123.017222,0
1046,37.276737,-122.96164399999999,0
1047,37.276737,-122.906066,0
1048,37.276737,-122.85048799999998,0
1049,37.276737,-122.79491000000002,0
1050,37.276737,-122.739332,0
1051,37.276737,-122.68375400000001,0
1052,37.276737,-122.628176,0
1053,37.276737,-122.572598,0
1054,37.276737,-122.51702,0
1055,37.276737,-122.46144199999999,0
1056,37.276737,-122.405864,4
1057,37.276737,-122.35028600000001,0
1058,37.276737,-122.29470800000001,8
1059,37.276737,-122.23913,0
1060,37.276737,-122.183552,0
1061,37.276737,-122.127974,0
1062,37.276737,-122.072396,4
1063,37.276737,-122.01681799999999,199
1064,37.276737,-121.96123999999999,372
1065,37.276737,-121.905662,299
1066,37.276737,-121.85008400000001,327
1067,37.276737,-121.79450600000001,141
1068,37.276737,-121.738928,1
1069,37.276737,-121.68335,1
1070,37.276737,-121.627772,0
1071,37.276737,-121.572194,0
1072,37.276737,-121.51661599999998,0
1073,37.233239000000005,-123.0728,0
1074,37.233239000000005,-123.017222,0
1075,37.233239000000005,-122.96164399999999,0
1076,37.233239000000005,-122.906066,0
1077,37.233239000000005,-122.85048799999998,0
1078,37.233239000000005,-122.79491000000002,0
1079,37.233239000000005,-122.739332,0
1080,37.233239000000005,-122.68375400000001,0
1081,37.233239000000005,-122.628176,0
1082,37.233239000000005,-122.572598,0
1083,37.233239000000005,-122.51702,0
1084,37.233239000000005,-122.46144199999999,0
1085,37.233239000000005,-122.405864,4
1086,37.233239000000005,-122.35028600000001,5
1087,37.233239000000005,-122.29470800000001,8
1088,37.233239000000005,-122.23913,0
1089,37.233239000000005,-122.183552,0
1090,37.233239000000005,-122.127974,0
1091,37.233239000000005,-122.072396,1
1092,37.233239000000005,-122.01681799999999,84
1093,37.233239000000005,-121.96123999999999,185
1094,37.233239000000005,-121.905662,123
1095,37.233239000000005,-121.85008400000001,174
1096,37.233239000000005,-121.79450600000001,84
1097,37.233239000000005,-121.738928,1
1098,37.233239000000005,-121.68335,0
1099,37.233239000000005,-121.627772,0
1100,37.233239000000005,-121.572194,0
1101,37.233239000000005,-121.51661599999998,0
1102,37.189741,-123.0728,0
1103,37.189741,-123.017222,0
1104,37.189741,-122.96164399999999,0
1105,37.189741,-122.906066,0
1106,37.189741,-122.85048799999998,0
1107,37.189741,-122.79491000000002,0
1108,37.189741,-122.739332,0
1109,37.189741,-122.68375400000001,0
1110,37.189741,-122.628176,0
1111,37.189741,-122.572598,0
1112,37.189741,-122.51702,0
1113,37.189741,-122.46144199999999,0
1114,37.189741,-122.405864,0
1115,37.189741,-122.35028600000001,8
1116,37.189741,-122.29470800000001,0
1117,37.189741,-122.23913,0
1118,37.189741,-122.183552,1
1119,37.189741,-122.127974,1
1120,37.189741,-122.072396,0
1121,37.189741,-122.01681799999999,34
1122,37.189741,-121.96123999999999,94
1123,37.189741,-121.905662,0
1124,37.189741,-121.85008400000001,53
1125,37.189741,-121.79450600000001,57
1126,37.189741,-121.738928,1
1127,37.189741,-121.68335,52
1128,37.189741,-121.627772,15
1129,37.189741,-121.572194,0
1130,37.189741,-121.51661599999998,0
1131,37.146243,-123.0728,0
1132,37.146243,-123.017222,0
1133,37.146243,-122.96164399999999,0
1134,37.146243,-122.906066,0
1135,37.146243,-122.85048799999998,0
1136,37.146243,-122.79491000000002,0
1137,37.146243,-122.739332,0
1138,37.146243,-122.68375400000001,0
1139,37.146243,-122.628176,0
1140,37.146243,-122.572598,0
1141,37.146243,-122.51702,0
1142,37.146243,-122.46144199999999,0
1143,37.146243,-122.405864,0
1144,37.146243,-122.35028600000001,3
1145,37.146243,-122.29470800000001,0
1146,37.146243,-122.23913,0
1147,37.146243,-122.183552,1
1148,37.146243,-122.127974,17
1149,37.146243,-122.072396,0
1150,37.146243,-122.01681799999999,33
1151,37.146243,-121.96123999999999,48
1152,37.146243,-121.905662,1
1153,37.146243,-121.85008400000001,43
1154,37.146243,-121.79450600000001,43
1155,37.146243,-121.738928,0
1156,37.146243,-121.68335,35
1157,37.146243,-121.627772,107
1158,37.146243,-121.572194,0
1159,37.146243,-121.51661599999998,0
1160,37.102745,-123.0728,0
1161,37.102745,-123.017222,0
1162,37.102745,-122.96164399999999,0
1163,37.102745,-122.906066,0
1164,37.102745,-122.85048799999998,0
1165,37.102745,-122.79491000000002,0
1166,37.102745,-122.739332,0
1167,37.102745,-122.68375400000001,0
1168,37.102745,-122.628176,0
1169,37.102745,-122.572598,0
1170,37.102745,-122.51702,0
1171,37.102745,-122.46144199999999,0
1172,37.102745,-122.405864,0
1173,37.102745,-122.35028600000001,0
1174,37.102745,-122.29470800000001,0
1175,37.102745,-122.23913,0
1176,37.102745,-122.183552,0
1177,37.102745,-122.127974,16
1178,37.102745,-122.072396,13
1179,37.102745,-122.01681799999999,1
1180,37.102745,-121.96123999999999,3
1181,37.102745,-121.905662,1
1182,37.102745,-121.85008400000001,0
1183,37.102745,-121.79450600000001,0
1184,37.102745,-121.738928,0
1185,37.102745,-121.68335,21
1186,37.102745,-121.627772,90
1187,37.102745,-121.572194,1
1188,37.102745,-121.51661599999998,0
1189,37.059247,-123.0728,0
1190,37.059247,-123.017222,0
1191,37.059247,-122.96164399999999,0
1192,37.059247,-122.906066,0
1193,37.059247,-122.85048799999998,0
1194,37.059247,-122.79491000000002,0
1195,37.059247,-122.739332,0
1196,37.059247,-122.68375400000001,0
1197,37.059247,-122.628176,0
1198,37.059247,-122.572598,0
1199,37.059247,-122.51702,0
1200,37.059247,-122.46144199999999,0
1201,37.059247,-122.405864,0
1202,37.059247,-122.35028600000001,0
1203,37.059247,-122.29470800000001,0
1204,37.059247,-122.23913,0
1205,37.059247,-122.183552,0
1206,37.059247,-122.127974,1
1207,37.059247,-122.072396,26
1208,37.059247,-122.01681799999999,48
1209,37.059247,-121.96123999999999,2
1210,37.059247,-121.905662,1
1211,37.059247,-121.85008400000001,0
1212,37.059247,-121.79450600000001,0
1213,37.059247,-121.738928,1
1214,37.059247,-121.68335,0
1215,37.059247,-121.627772,7
1216,37.059247,-121.572194,20
1217,37.059247,-121.51661599999998,0
1218,37.015749,-123.0728,0
1219,37.015749,-123.017222,0
1220,37.015749,-122.96164399999999,0
1221,37.015749,-122.906066,0
1222,37.015749,-122.85048799999998,0
1223,37.015749,-122.79491000000002,0
1224,37.015749,-122.739332,0
1225,37.015749,-122.68375400000001,0
1226,37.015749,-122.628176,0
1227,37.015749,-122.572598,0
1228,37.015749,-122.51702,0
1229,37.015749,-122.46144199999999,0
1230,37.015749,-122.405864,0
1231,37.015749,-122.35028600000001,0
1232,37.015749,-122.29470800000001,0
1233,37.015749,-122.23913,0
1234,37.015749,-122.183552,6
1235,37.015749,-122.127974,1
1236,37.015749,-122.072396,37
1237,37.015749,-122.01681799999999,85
1238,37.015749,-121.96123999999999,63
1239,37.015749,-121.905662,18
1240,37.015749,-121.85008400000001,0
1241,37.015749,-121.79450600000001,5
1242,37.015749,-121.738928,1
1243,37.015749,-121.68335,0
1244,37.015749,-121.627772,8
1245,37.015749,-121.572194,140
1246,37.015749,-121.51661599999998,2
1247,36.972251,-123.0728,0
1248,36.972251,-123.017222,0
1249,36.972251,-122.96164399999999,0
1250,36.972251,-122.906066,0
1251,36.972251,-122.85048799999998,0
1252,36.972251,-122.79491000000002,0
1253,36.972251,-122.739332,0
1254,36.972251,-122.68375400000001,0
1255,36.972251,-122.628176,0
1256,36.972251,-122.572598,0
1257,36.972251,-122.51702,0
1258,36.972251,-122.46144199999999,0
1259,36.972251,-122.405864,0
1260,36.972251,-122.35028600000001,0
1261,36.972251,-122.29470800000001,0
1262,36.972251,-122.23913,0
1263,36.972251,-122.183552,1
1264,36.972251,-122.127974,0
1265,36.972251,-122.072396,43
1266,36.972251,-122.01681799999999,233
1267,36.972251,-121.96123999999999,130
1268,36.972251,-121.905662,51
1269,36.972251,-121.85008400000001,9
1270,36.972251,-121.79450600000001,25
1271,36.972251,-121.738928,3
1272,36.972251,-121.68335,0
1273,36.972251,-121.627772,6
1274,36.972251,-121.572194,75
1275,36.972251,-121.51661599999998,2
1276,36.928753,-123.0728,0
1277,36.928753,-123.017222,0
1278,36.928753,-122.96164399999999,0
1279,36.928753,-122.906066,0
1280,36.928753,-122.85048799999998,0
1281,36.928753,-122.79491000000002,0
1282,36.928753,-122.739332,0
1283,36.928753,-122.68375400000001,0
1284,36.928753,-122.628176,0
1285,36.928753,-122.572598,0
1286,36.928753,-122.51702,0
1287,36.928753,-122.46144199999999,0
1288,36.928753,-122.405864,0
1289,36.928753,-122.35028600000001,0
1290,36.928753,-122.29470800000001,0
1291,36.928753,-122.23913,0
1292,36.928753,-122.183552,0
1293,36.928753,-122.127974,0
1294,36.928753,-122.072396,22
1295,36.928753,-122.01681799999999,81
1296,36.928753,-121.96123999999999,24
1297,36.928753,-121.905662,8
1298,36.928753,-121.85008400000001,8
1299,36.928753,-121.79450600000001,66
1300,36.928753,-121.738928,82
1301,36.928753,-121.68335,0
1302,36.928753,-121.627772,0
1303,36.928753,-121.572194,1
1304,36.928753,-121.51661599999998,0
