,,,,,,,,,,
Napa,SF,Marin,Sonoma,Contra Costa,Alameda,San Mateo,Santa Clara,Solano,,
94503,94102,94901,94922,94505,94501,94002,95050,94510,,
94508,94103,94903,94923,94506,94502,94005,95051,94512,,
94515,94104,94904,94926,94507,94536,94010,95052,94533,,
94558,94105,94912,94927,94509,94537,94011,95053,94534,,
94559,94107,94913,94928,94511,94538,94014,95054,94535,,
94562,94108,94914,94931,94513,94539,94015,95055,94571,,
94567,94109,94915,94951,94514,94540,94016,95056,94585,,
94573,94110,94920,94952,94516,94541,94017,,94589,,
94574,94111,94924,94953,94517,94542,94018,,94590,,
94576,94112,94925,94954,94518,94543,94019,,94591,,
94581,94114,94929,94955,94519,94544,94020,,94592,,
94599,94115,94930,94972,94520,94545,94021,,95620,,
,94116,94933,94975,94521,94546,94025,,95625,,
,94117,94937,94999,94522,94550,94026,,95687,,
,94118,94938,95401,94523,94551,94027,,95688,,
,94119,94939,95402,94524,94552,94028,,95696,,
,94120,94940,95403,94525,94555,94030,,,,
,94121,94941,95404,94526,94557,94037,,,,
,94122,94942,95405,94527,94560,94038,,,,
,94123,94945,95406,94528,94566,94044,,,,
,94124,94946,95407,94529,94568,94060,,,,
,94125,94947,95409,94530,94577,94061,,,,
,94126,94948,95412,94531,94578,94062,,,,
,94127,94949,95416,94547,94579,94063,,,,
,94128,94950,95419,94548,94580,94064,,,,
,94129,94956,95421,94549,94586,94065,,,,
,94130,94957,95425,94553,94587,94066,,,,
,94131,94960,95430,94556,94588,94070,,,,
,94132,94963,95431,94561,94601,94074,,,,
,94133,94964,95433,94563,94602,94080,,,,
,94134,94965,95436,94564,94603,94083,,,,
,94137,94966,95439,94565,94604,94128,,,,
,94139,94970,95441,94569,94605,94401,,,,
,94140,94971,95442,94570,94606,94402,,,,
,94141,94973,95444,94572,94607,94403,,,,
,94142,94974,95446,94575,94608,94404,,,,
,94143,94976,95448,94582,94609,94497,,,,
,94144,94977,95450,94583,94610,,,,,
,94145,94978,95452,94595,94611,,,,,
,94146,94979,95462,94596,94612,,,,,
,94147,94998,95465,94597,94613,,,,,
,94151,,95471,94598,94614,,,,,
,94158,,95472,94801,94615,,,,,
,94159,,95473,94802,94617,,,,,
,94160,,95476,94803,94618,,,,,
,94161,,95480,94804,94619,,,,,
,94163,,95486,94805,94620,,,,,
,94164,,95487,94806,94621,,,,,
,94172,,95492,94807,94622,,,,,
,94177,,95497,94808,94623,,,,,
,94188,,,94820,94624,,,,,
,,,,94850,94649,,,,,
,,,,,94659,,,,,
,,,,,94660,,,,,
,,,,,94661,,,,,
,,,,,94662,,,,,
,,,,,94666,,,,,
,,,,,94701,,,,,
,,,,,94702,,,,,
,,,,,94703,,,,,
,,,,,94704,,,,,
,,,,,94705,,,,,
,,,,,94706,,,,,
,,,,,94707,,,,,
,,,,,94708,,,,,
,,,,,94709,,,,,
,,,,,94710,,,,,
,,,,,94712,,,,,
,,,,,94720,,,,,
,,,,,,,,,,
,,,,,,,,,,
